<icsreport>
	<ichicsrmessageheader>
		<messageidentifier />
		<messagesenderidentifier>EVNETHERLANDS</messagesenderidentifier>
		<messagereceiveridentifier>PFIZERINC</messagereceiveridentifier>
		<messagecreationdate>20221015170042+0200</messagecreationdate>
	</ichicsrmessageheader>
	<safetyreport>
		<safetyreportid>NL-LRB-00839381</safetyreportid>
		<transmissiondater3>20221015000000</transmissiondater3>
		<reporttype>1</reporttype>
		<receivedater3>20221015000000+0200</receivedater3>
		<receiptdater3>20221015000000+0200</receiptdater3>
		<additionaldocumentr3>false</additionaldocumentr3>
		<fulfillexpeditecriteriar3 />
		<companynumb>NL-LRB-00839381</companynumb>
		<casesendertype>1</casesendertype>
		<duplicater3>[NI]</duplicater3>
		<casenullification />
		<nullificationreason />
		<primarysource>
			<reportertitle />
			<reportergivename />
			<reportermiddlename />
			<reporterfamilyname />
			<reporterorganization />
			<reporterdepartment />
			<reporterstreet />
			<reportercity />
			<reporterstate />
			<reporterpostcode />
			<reporterphone />
			<reportercountryr3>NL</reportercountryr3>
			<qualificationr3>5</qualificationr3>
			<primarysourceregpurpose>1</primarysourceregpurpose>
		</primarysource>
		<sender>
			<sendertype>2</sendertype>
			<senderorganization>CBGMEB</senderorganization>
			<senderdepartment />
			<sendertitle />
			<sendergivename />
			<sendermiddlename />
			<senderfamilyname />
			<senderstreetaddress />
			<sendercity />
			<senderstate />
			<senderpostcode />
			<sendercountrycode />
			<sendertelr3 />
			<senderfaxr3 />
			<senderemailaddress />
		</sender>
		<patient>
			<patientinitial>[MASKED]</patientinitial>
			<patientgpmedicalrecordnumb>[MASKED]</patientgpmedicalrecordnumb>
			<patientspecialistrecordnumb>[MASKED]</patientspecialistrecordnumb>
			<patienthospitalrecordnumb>[MASKED]</patienthospitalrecordnumb>
			<patientinvestigationnumb>[MASKED]</patientinvestigationnumb>
			<patientbirthdater3>[MASKED]</patientbirthdater3>
			<patientonsetage>[MASKED]</patientonsetage>
			<patientonsetageunitr3>[MASKED]</patientonsetageunitr3>
			<gestationperiod>[MASKED]</gestationperiod>
			<gestationperiodunitr3>[MASKED]</gestationperiodunitr3>
			<patientagegroup>[MASKED]</patientagegroup>
			<patientweight>[MASKED]</patientweight>
			<patientheight>[MASKED]</patientheight>
			<patientsexr3>[MASKED]</patientsexr3>
			<patientlastmenstrualdater3>[MASKED]</patientlastmenstrualdater3>
			<patientmedicalhistorytext>[MASKED]</patientmedicalhistorytext>
			<concomtherapy>[MASKED]</concomtherapy>
			<patientdeathdate>[MASKED]</patientdeathdate>
			<patientautopsyyesno>[MASKED]</patientautopsyyesno>
			<patientpastdrugtherapy>[MASKED]<patientdrugname>AstraZeneca vaccin (Vaxzevria)</patientdrugname>
				<patientinventedname>COVID-19 VACCIN ASTRAZENECA INJVLST</patientinventedname>
				<patientdrugstartdater3>20210515</patientdrugstartdater3>
				<patientdrugenddater3 />
				<patientdrugindicationmeddraver />
				<patientdrugindication />
				<patientdrugreactionmeddraver />
				<patientdrugreaction />
			</patientpastdrugtherapy>
			<patientpastdrugtherapy>[MASKED]<patientdrugname>AstraZeneca vaccin (Vaxzevria)</patientdrugname>
				<patientinventedname>COVID-19 VACCIN ASTRAZENECA INJVLST</patientinventedname>
				<patientdrugstartdater3>20210227</patientdrugstartdater3>
				<patientdrugenddater3 />
				<patientdrugindicationmeddraver />
				<patientdrugindication />
				<patientdrugreactionmeddraver />
				<patientdrugreaction />
			</patientpastdrugtherapy>
			<patientpastdrugtherapy>[MASKED]<patientdrugname>BioNTech/Pfizer vaccin (Comirnaty)</patientdrugname>
				<patientinventedname>COVID-19 VACCIN PFIZER INJVLST 0,3ML</patientinventedname>
				<patientdrugstartdater3>20211125</patientdrugstartdater3>
				<patientdrugenddater3 />
				<patientdrugindicationmeddraver />
				<patientdrugindication />
				<patientdrugreactionmeddraver />
				<patientdrugreaction />
			</patientpastdrugtherapy>
		</patient>
		<reaction>
			<reactionuniversallyuniqueid>[MASKED]</reactionuniversallyuniqueid>
			<primarysourcereaction>[MASKED]</primarysourcereaction>
			<primarysrcreactreportedlang>[MASKED]</primarysrcreactreportedlang>
			<primarysrcreactinnativelang>[MASKED]</primarysrcreactinnativelang>
			<reactionmeddraversionllt>[MASKED]</reactionmeddraversionllt>
			<reactionmeddrallt>[MASKED]</reactionmeddrallt>
			<termhighlighted>[MASKED]</termhighlighted>
			<seriousnessdeath>[MASKED]</seriousnessdeath>
			<seriousnesslifethreatening>[MASKED]</seriousnesslifethreatening>
			<seriousnesshospitalization>[MASKED]</seriousnesshospitalization>
			<seriousnessdisabling>[MASKED]</seriousnessdisabling>
			<seriousnesscongenitalanomali>[MASKED]</seriousnesscongenitalanomali>
			<seriousnessother>[MASKED]</seriousnessother>
			<reactionoutcome>[MASKED]</reactionoutcome>
			<medicallyconfirm>[MASKED]</medicallyconfirm>
			<reactionoccurcountry>[MASKED]</reactionoccurcountry>
		</reaction>
		<reaction>
			<reactionuniversallyuniqueid>[MASKED]</reactionuniversallyuniqueid>
			<primarysourcereaction>[MASKED]</primarysourcereaction>
			<primarysrcreactreportedlang>[MASKED]</primarysrcreactreportedlang>
			<primarysrcreactinnativelang>[MASKED]</primarysrcreactinnativelang>
			<reactionmeddraversionllt>[MASKED]</reactionmeddraversionllt>
			<reactionmeddrallt>[MASKED]</reactionmeddrallt>
			<termhighlighted>[MASKED]</termhighlighted>
			<seriousnessdeath>[MASKED]</seriousnessdeath>
			<seriousnesslifethreatening>[MASKED]</seriousnesslifethreatening>
			<seriousnesshospitalization>[MASKED]</seriousnesshospitalization>
			<seriousnessdisabling>[MASKED]</seriousnessdisabling>
			<seriousnesscongenitalanomali>[MASKED]</seriousnesscongenitalanomali>
			<seriousnessother>[MASKED]</seriousnessother>
			<reactionoutcome>[MASKED]</reactionoutcome>
			<medicallyconfirm>[MASKED]</medicallyconfirm>
			<reactionoccurcountry>[MASKED]</reactionoccurcountry>
		</reaction>
		<reaction>
			<reactionuniversallyuniqueid>[MASKED]</reactionuniversallyuniqueid>
			<primarysourcereaction>[MASKED]</primarysourcereaction>
			<primarysrcreactreportedlang>[MASKED]</primarysrcreactreportedlang>
			<primarysrcreactinnativelang>[MASKED]</primarysrcreactinnativelang>
			<reactionmeddraversionllt>[MASKED]</reactionmeddraversionllt>
			<reactionmeddrallt>[MASKED]</reactionmeddrallt>
			<termhighlighted>[MASKED]</termhighlighted>
			<seriousnessdeath>[MASKED]</seriousnessdeath>
			<seriousnesslifethreatening>[MASKED]</seriousnesslifethreatening>
			<seriousnesshospitalization>[MASKED]</seriousnesshospitalization>
			<seriousnessdisabling>[MASKED]</seriousnessdisabling>
			<seriousnesscongenitalanomali>[MASKED]</seriousnesscongenitalanomali>
			<seriousnessother>[MASKED]</seriousnessother>
			<reactionoutcome>[MASKED]</reactionoutcome>
			<medicallyconfirm>[MASKED]</medicallyconfirm>
			<reactionoccurcountry>[MASKED]</reactionoccurcountry>
		</reaction>
		<reaction>
			<reactionuniversallyuniqueid>[MASKED]</reactionuniversallyuniqueid>
			<primarysourcereaction>[MASKED]</primarysourcereaction>
			<primarysrcreactreportedlang>[MASKED]</primarysrcreactreportedlang>
			<primarysrcreactinnativelang>[MASKED]</primarysrcreactinnativelang>
			<reactionmeddraversionllt>[MASKED]</reactionmeddraversionllt>
			<reactionmeddrallt>[MASKED]</reactionmeddrallt>
			<termhighlighted>[MASKED]</termhighlighted>
			<seriousnessdeath>[MASKED]</seriousnessdeath>
			<seriousnesslifethreatening>[MASKED]</seriousnesslifethreatening>
			<seriousnesshospitalization>[MASKED]</seriousnesshospitalization>
			<seriousnessdisabling>[MASKED]</seriousnessdisabling>
			<seriousnesscongenitalanomali>[MASKED]</seriousnesscongenitalanomali>
			<seriousnessother>[MASKED]</seriousnessother>
			<reactionoutcome>[MASKED]</reactionoutcome>
			<medicallyconfirm>[MASKED]</medicallyconfirm>
			<reactionoccurcountry>[MASKED]</reactionoccurcountry>
		</reaction>
		<reaction>
			<reactionuniversallyuniqueid>[MASKED]</reactionuniversallyuniqueid>
			<primarysourcereaction>[MASKED]</primarysourcereaction>
			<primarysrcreactreportedlang>[MASKED]</primarysrcreactreportedlang>
			<primarysrcreactinnativelang>[MASKED]</primarysrcreactinnativelang>
			<reactionmeddraversionllt>[MASKED]</reactionmeddraversionllt>
			<reactionmeddrallt>[MASKED]</reactionmeddrallt>
			<termhighlighted>[MASKED]</termhighlighted>
			<seriousnessdeath>[MASKED]</seriousnessdeath>
			<seriousnesslifethreatening>[MASKED]</seriousnesslifethreatening>
			<seriousnesshospitalization>[MASKED]</seriousnesshospitalization>
			<seriousnessdisabling>[MASKED]</seriousnessdisabling>
			<seriousnesscongenitalanomali>[MASKED]</seriousnesscongenitalanomali>
			<seriousnessother>[MASKED]</seriousnessother>
			<reactionoutcome>[MASKED]</reactionoutcome>
			<medicallyconfirm>[MASKED]</medicallyconfirm>
			<reactionoccurcountry>[MASKED]</reactionoccurcountry>
		</reaction>
		<reaction>
			<reactionuniversallyuniqueid>[MASKED]</reactionuniversallyuniqueid>
			<primarysourcereaction>[MASKED]</primarysourcereaction>
			<primarysrcreactreportedlang>[MASKED]</primarysrcreactreportedlang>
			<primarysrcreactinnativelang>[MASKED]</primarysrcreactinnativelang>
			<reactionmeddraversionllt>[MASKED]</reactionmeddraversionllt>
			<reactionmeddrallt>[MASKED]</reactionmeddrallt>
			<termhighlighted>[MASKED]</termhighlighted>
			<seriousnessdeath>[MASKED]</seriousnessdeath>
			<seriousnesslifethreatening>[MASKED]</seriousnesslifethreatening>
			<seriousnesshospitalization>[MASKED]</seriousnesshospitalization>
			<seriousnessdisabling>[MASKED]</seriousnessdisabling>
			<seriousnesscongenitalanomali>[MASKED]</seriousnesscongenitalanomali>
			<seriousnessother>[MASKED]</seriousnessother>
			<reactionoutcome>[MASKED]</reactionoutcome>
			<medicallyconfirm>[MASKED]</medicallyconfirm>
			<reactionoccurcountry>[MASKED]</reactionoccurcountry>
		</reaction>
		<reaction>
			<reactionuniversallyuniqueid>[MASKED]</reactionuniversallyuniqueid>
			<primarysourcereaction>[MASKED]</primarysourcereaction>
			<primarysrcreactreportedlang>[MASKED]</primarysrcreactreportedlang>
			<primarysrcreactinnativelang>[MASKED]</primarysrcreactinnativelang>
			<reactionmeddraversionllt>[MASKED]</reactionmeddraversionllt>
			<reactionmeddrallt>[MASKED]</reactionmeddrallt>
			<termhighlighted>[MASKED]</termhighlighted>
			<seriousnessdeath>[MASKED]</seriousnessdeath>
			<seriousnesslifethreatening>[MASKED]</seriousnesslifethreatening>
			<seriousnesshospitalization>[MASKED]</seriousnesshospitalization>
			<seriousnessdisabling>[MASKED]</seriousnessdisabling>
			<seriousnesscongenitalanomali>[MASKED]</seriousnesscongenitalanomali>
			<seriousnessother>[MASKED]</seriousnessother>
			<reactionoutcome>[MASKED]</reactionoutcome>
			<medicallyconfirm>[MASKED]</medicallyconfirm>
			<reactionoccurcountry>[MASKED]</reactionoccurcountry>
		</reaction>
		<reaction>
			<reactionuniversallyuniqueid>[MASKED]</reactionuniversallyuniqueid>
			<primarysourcereaction>[MASKED]</primarysourcereaction>
			<primarysrcreactreportedlang>[MASKED]</primarysrcreactreportedlang>
			<primarysrcreactinnativelang>[MASKED]</primarysrcreactinnativelang>
			<reactionmeddraversionllt>[MASKED]</reactionmeddraversionllt>
			<reactionmeddrallt>[MASKED]</reactionmeddrallt>
			<termhighlighted>[MASKED]</termhighlighted>
			<seriousnessdeath>[MASKED]</seriousnessdeath>
			<seriousnesslifethreatening>[MASKED]</seriousnesslifethreatening>
			<seriousnesshospitalization>[MASKED]</seriousnesshospitalization>
			<seriousnessdisabling>[MASKED]</seriousnessdisabling>
			<seriousnesscongenitalanomali>[MASKED]</seriousnesscongenitalanomali>
			<seriousnessother>[MASKED]</seriousnessother>
			<reactionoutcome>[MASKED]</reactionoutcome>
			<medicallyconfirm>[MASKED]</medicallyconfirm>
			<reactionoccurcountry>[MASKED]</reactionoccurcountry>
		</reaction>
		<reaction>
			<reactionuniversallyuniqueid>[MASKED]</reactionuniversallyuniqueid>
			<primarysourcereaction>[MASKED]</primarysourcereaction>
			<primarysrcreactreportedlang>[MASKED]</primarysrcreactreportedlang>
			<primarysrcreactinnativelang>[MASKED]</primarysrcreactinnativelang>
			<reactionmeddraversionllt>[MASKED]</reactionmeddraversionllt>
			<reactionmeddrallt>[MASKED]</reactionmeddrallt>
			<termhighlighted>[MASKED]</termhighlighted>
			<seriousnessdeath>[MASKED]</seriousnessdeath>
			<seriousnesslifethreatening>[MASKED]</seriousnesslifethreatening>
			<seriousnesshospitalization>[MASKED]</seriousnesshospitalization>
			<seriousnessdisabling>[MASKED]</seriousnessdisabling>
			<seriousnesscongenitalanomali>[MASKED]</seriousnesscongenitalanomali>
			<seriousnessother>[MASKED]</seriousnessother>
			<reactionoutcome>[MASKED]</reactionoutcome>
			<medicallyconfirm>[MASKED]</medicallyconfirm>
			<reactionoccurcountry>[MASKED]</reactionoccurcountry>
		</reaction>
		<reaction>
			<reactionuniversallyuniqueid>[MASKED]</reactionuniversallyuniqueid>
			<primarysourcereaction>[MASKED]</primarysourcereaction>
			<primarysrcreactreportedlang>[MASKED]</primarysrcreactreportedlang>
			<primarysrcreactinnativelang>[MASKED]</primarysrcreactinnativelang>
			<reactionmeddraversionllt>[MASKED]</reactionmeddraversionllt>
			<reactionmeddrallt>[MASKED]</reactionmeddrallt>
			<termhighlighted>[MASKED]</termhighlighted>
			<seriousnessdeath>[MASKED]</seriousnessdeath>
			<seriousnesslifethreatening>[MASKED]</seriousnesslifethreatening>
			<seriousnesshospitalization>[MASKED]</seriousnesshospitalization>
			<seriousnessdisabling>[MASKED]</seriousnessdisabling>
			<seriousnesscongenitalanomali>[MASKED]</seriousnesscongenitalanomali>
			<seriousnessother>[MASKED]</seriousnessother>
			<reactionoutcome>[MASKED]</reactionoutcome>
			<medicallyconfirm>[MASKED]</medicallyconfirm>
			<reactionoccurcountry>[MASKED]</reactionoccurcountry>
		</reaction>
		<reaction>
			<reactionuniversallyuniqueid>[MASKED]</reactionuniversallyuniqueid>
			<primarysourcereaction>[MASKED]</primarysourcereaction>
			<primarysrcreactreportedlang>[MASKED]</primarysrcreactreportedlang>
			<primarysrcreactinnativelang>[MASKED]</primarysrcreactinnativelang>
			<reactionmeddraversionllt>[MASKED]</reactionmeddraversionllt>
			<reactionmeddrallt>[MASKED]</reactionmeddrallt>
			<termhighlighted>[MASKED]</termhighlighted>
			<seriousnessdeath>[MASKED]</seriousnessdeath>
			<seriousnesslifethreatening>[MASKED]</seriousnesslifethreatening>
			<seriousnesshospitalization>[MASKED]</seriousnesshospitalization>
			<seriousnessdisabling>[MASKED]</seriousnessdisabling>
			<seriousnesscongenitalanomali>[MASKED]</seriousnesscongenitalanomali>
			<seriousnessother>[MASKED]</seriousnessother>
			<reactionoutcome>[MASKED]</reactionoutcome>
			<medicallyconfirm>[MASKED]</medicallyconfirm>
			<reactionoccurcountry>[MASKED]</reactionoccurcountry>
		</reaction>
		<reaction>
			<reactionuniversallyuniqueid>[MASKED]</reactionuniversallyuniqueid>
			<primarysourcereaction>[MASKED]</primarysourcereaction>
			<primarysrcreactreportedlang>[MASKED]</primarysrcreactreportedlang>
			<primarysrcreactinnativelang>[MASKED]</primarysrcreactinnativelang>
			<reactionmeddraversionllt>[MASKED]</reactionmeddraversionllt>
			<reactionmeddrallt>[MASKED]</reactionmeddrallt>
			<termhighlighted>[MASKED]</termhighlighted>
			<seriousnessdeath>[MASKED]</seriousnessdeath>
			<seriousnesslifethreatening>[MASKED]</seriousnesslifethreatening>
			<seriousnesshospitalization>[MASKED]</seriousnesshospitalization>
			<seriousnessdisabling>[MASKED]</seriousnessdisabling>
			<seriousnesscongenitalanomali>[MASKED]</seriousnesscongenitalanomali>
			<seriousnessother>[MASKED]</seriousnessother>
			<reactionoutcome>[MASKED]</reactionoutcome>
			<medicallyconfirm>[MASKED]</medicallyconfirm>
			<reactionoccurcountry>[MASKED]</reactionoccurcountry>
		</reaction>
		<test>
			<testdater3>[MASKED]</testdater3>
			<testname>[MASKED]</testname>
			<testnamemeddraversionllt>[MASKED]</testnamemeddraversionllt>
			<testnamellt>[MASKED]</testnamellt>
			<testresultcode>[MASKED]</testresultcode>
			<testresulttext>[MASKED]</testresulttext>
			<lowtestrange>[MASKED]</lowtestrange>
			<hightestrange>[MASKED]</hightestrange>
			<comments>[MASKED]</comments>
			<moreinformationr3>[MASKED]</moreinformationr3>
		</test>
		<drug>
			<druguniversallyuniqueid>[MASKED]</druguniversallyuniqueid>
			<drugcharacterization>[MASKED]</drugcharacterization>
			<medicinalproduct>[MASKED]</medicinalproduct>
			<druginventedname>[MASKED]</druginventedname>
			<drugscientificname>[MASKED]</drugscientificname>
			<obtaindrugcountry>[MASKED]</obtaindrugcountry>
			<invproductblinded>[MASKED]</invproductblinded>
			<drugauthorizationnumb>[MASKED]</drugauthorizationnumb>
			<drugauthorizationcountry>[MASKED]</drugauthorizationcountry>
			<drugauthorizationholder>[MASKED]</drugauthorizationholder>
			<drugcumulativedosagenumb>[MASKED]</drugcumulativedosagenumb>
			<drugcumulativedosageunitr3>[MASKED]</drugcumulativedosageunitr3>
			<reactiongestationperiod>[MASKED]</reactiongestationperiod>
			<reactiongestationperiodunitr3>[MASKED]</reactiongestationperiodunitr3>
			<actiondrug>[MASKED]</actiondrug>
			<drugadditional>[MASKED]</drugadditional>
			<dosageinformation>[MASKED]<drugstructuredosagenumb>1</drugstructuredosagenumb>
				<drugstructuredosageunit>{DF}</drugstructuredosageunit>
				<drugintervaldosageunitnumb />
				<drugintervaldosagedefinition />
				<drugstartdate>20221014</drugstartdate>
				<drugbatchnumb>[ASKU]</drugbatchnumb>
				<drugdosagetext />
				<drugdosageform />
			</dosageinformation>
			<drugindicationr3>[MASKED]<drugindicationprimarysource>COVID-19 vaccinatie</drugindicationprimarysource>
				<drugindicationmeddraversion>25.0</drugindicationmeddraversion>
				<drugindicationmeddracode>10084457</drugindicationmeddracode>
			</drugindicationr3>
			<drugeventmatrix>[MASKED]<eventuniversallyuniqueid>93911da3-d45a-37f5-9cfb-37e9a5e47b5c</eventuniversallyuniqueid>
				<drugstartperiod>10</drugstartperiod>
				<drugstartperiodunit>h</drugstartperiodunit>
			</drugeventmatrix>
			<drugeventmatrix>[MASKED]<eventuniversallyuniqueid>17063330-1f4d-3f65-a779-0d9fe0656afa</eventuniversallyuniqueid>
				<drugstartperiod>10</drugstartperiod>
				<drugstartperiodunit>h</drugstartperiodunit>
			</drugeventmatrix>
			<drugeventmatrix>[MASKED]<eventuniversallyuniqueid>12d5a6e3-5663-3673-9e32-c6b2603debd2</eventuniversallyuniqueid>
				<drugstartperiod>1</drugstartperiod>
				<drugstartperiodunit>d</drugstartperiodunit>
			</drugeventmatrix>
			<drugeventmatrix>[MASKED]<eventuniversallyuniqueid>f13ace24-7576-327f-92e9-f0ac6ae1dc0e</eventuniversallyuniqueid>
				<drugstartperiod>1</drugstartperiod>
				<drugstartperiodunit>d</drugstartperiodunit>
			</drugeventmatrix>
			<drugeventmatrix>[MASKED]<eventuniversallyuniqueid>3041bc18-a9b9-3a6d-a7c6-5ef86fb58967</eventuniversallyuniqueid>
				<drugstartperiod>1</drugstartperiod>
				<drugstartperiodunit>d</drugstartperiodunit>
			</drugeventmatrix>
			<drugeventmatrix>[MASKED]<eventuniversallyuniqueid>cbcb3a73-b636-36b1-92df-6ffccbd5eb44</eventuniversallyuniqueid>
				<drugstartperiod>10</drugstartperiod>
				<drugstartperiodunit>h</drugstartperiodunit>
			</drugeventmatrix>
			<drugeventmatrix>[MASKED]<eventuniversallyuniqueid>cf7ead4c-e51e-3cf9-b6f4-54ccb72b55d7</eventuniversallyuniqueid>
				<drugstartperiod>6</drugstartperiod>
				<drugstartperiodunit>h</drugstartperiodunit>
			</drugeventmatrix>
			<drugeventmatrix>[MASKED]<eventuniversallyuniqueid>31ee05f6-5ffb-3c55-b4d4-c3d4cb24e41e</eventuniversallyuniqueid>
				<drugstartperiod>3</drugstartperiod>
				<drugstartperiodunit>h</drugstartperiodunit>
			</drugeventmatrix>
			<drugeventmatrix>[MASKED]<eventuniversallyuniqueid>9287920e-4771-36ce-846e-88a33bd86a35</eventuniversallyuniqueid>
				<drugstartperiod>1</drugstartperiod>
				<drugstartperiodunit>d</drugstartperiodunit>
			</drugeventmatrix>
			<drugeventmatrix>[MASKED]<eventuniversallyuniqueid>14b9c8cc-2758-380f-9bd1-8714cc1848f4</eventuniversallyuniqueid>
				<drugstartperiod>10</drugstartperiod>
				<drugstartperiodunit>h</drugstartperiodunit>
			</drugeventmatrix>
			<drugeventmatrix>[MASKED]<eventuniversallyuniqueid>939db665-f91c-3f8c-9764-ef544640fa7d</eventuniversallyuniqueid>
				<drugstartperiod>5</drugstartperiod>
				<drugstartperiodunit>h</drugstartperiodunit>
			</drugeventmatrix>
			<drugeventmatrix>[MASKED]<eventuniversallyuniqueid>a306a076-26bd-3ed0-9836-6efadec556a0</eventuniversallyuniqueid>
				<drugstartperiod>10</drugstartperiod>
				<drugstartperiodunit>h</drugstartperiodunit>
			</drugeventmatrix>
		</drug>
		<summary>
			<narrativeincludeclinical>Patient needs to take 100 mg of ibuprofen, and 3 mg of potassium. Also needs to take 10 mg of Zocor.
Patient needs to take 50 mg of ibuprofen, and 2 mg of Coumadin.</narrativeincludeclinical>
			<reportercomment />
			<sendercomment />
			<senderdiagnosisinfo>
				<senderdiagnosismeddraversion>25.0</senderdiagnosismeddraversion>
				<senderdiagnosismeddracode>10022078</senderdiagnosismeddracode>
			</senderdiagnosisinfo>
			<casesummarynarrative>
				<casesummary>---------- Vierde coronavaccinatie ----------------------
Injection moment: Vierde coronavaccinatie
               
---------- Medication ----------------------
concomitant medication: no
               
---------- Roodheid or Zwelling ----------------------
Extensive swelling of vaccinated limb: no
               
----------  ----------------------
BSN available: yes
               
---------- COVID19 ----------------------
Previous COVID-19 infection: No</casesummary>
				<casesummarylang>nld</casesummarylang>
			</casesummarynarrative>
		</summary>
	</safetyreport>
</icsreport>